Time,Measurement,Filtered Measurement
101,984,983
202,983,982
303,982,982
404,984,985
505,985,989
606,986,990
707,991,993
808,994,990
909,992,987
1010,987,983
1111,986,982
1212,980,980
1313,980,981
1414,980,982
1515,983,984
1616,985,983
1717,985,983
1818,984,982
1920,981,983
2021,984,987
2122,988,991
2223,990,992
2324,993,991
2425,991,986
2526,988,985
2627,984,981
2728,982,980
2829,982,980
2930,982,983
3031,982,984
3132,985,984
3233,984,983
3334,985,982
3435,982,983
3536,982,985
3637,984,986
3738,988,991
3840,992,992
3941,991,988
4042,986,983
4143,987,982
4244,982,980
4345,980,981
4446,980,982
4547,982,984
4648,985,984
4749,985,984
4850,983,982
4951,983,982
5052,981,983
5153,984,987
5254,985,989
5355,990,993
5456,993,992
5557,993,991
5658,991,985
5760,985,981
5861,980,980
5962,981,982
6063,981,983
6164,983,984
6265,984,984
6366,985,983
6467,983,982
6568,982,984
6669,983,984
6770,985,988
6871,986,989
6972,991,992
7073,995,990
7174,992,989
7275,988,984
7376,981,981
7477,982,980
7578,980,981
7680,982,984
7781,984,984
7882,983,982
7983,985,983
8084,983,982
8185,983,984
8286,982,985
8387,976,980
8488,937,938
8589,914,914
8690,917,913
8791,903,900
8892,881,877
8993,873,871
9094,873,870
9195,866,867
9296,863,863
9397,852,852
9498,847,847
9600,850,849
9701,854,854
9802,855,856
9903,856,857
10004,858,861
10105,862,862
10206,863,861
10307,860,857
10408,857,854
10509,856,853
10610,852,851
10711,853,851
10812,851,853
10913,854,854
11014,854,854
11115,855,853
11216,854,853
11317,855,854
11418,857,859
11520,863,865
11621,871,873
11722,874,874
11823,873,872
11924,988,983
12025,985,981
12126,984,980
12227,980,980
12328,981,983
12429,982,983
12530,984,985
12631,985,984
12732,984,983
12833,983,982
12934,981,982
13035,983,985
13136,986,989
13237,988,991
13338,994,992
13440,994,989
13541,986,982
13642,980,977
13743,893,890
13844,870,871
13945,865,866
14046,863,864
14147,863,862
14248,865,865
14349,901,901
14450,901,902
14551,900,902
14652,902,905
14753,906,908
14854,907,909
14955,911,909
15056,908,906
15157,909,904
15258,905,900
15360,900,898
15461,898,899
15562,900,902
15663,901,902
15764,902,901
15865,901,901
15966,901,901
16067,902,902
16168,903,905
16269,904,906
16370,907,909
16471,909,910
16572,910,907
16673,907,903
16774,906,902
16875,900,898
16976,897,898
17077,898,899
17178,900,900
17280,905,904
17381,884,882
17482,865,864
17583,865,866
17684,907,911
17785,985,989
17886,988,991
17987,994,992
18088,993,988
18189,991,987
18290,985,981
18391,984,981
18492,981,979
18593,979,981
18694,905,905
18795,867,867
18896,867,866
18997,863,861
19098,856,857
19200,883,884
19301,902,904
19402,922,925
19503,928,930
19604,930,927
19705,927,923
19806,924,921
19907,921,918
20008,917,918
20109,918,919
20210,920,921
20311,920,921
20412,923,921
20513,922,920
20614,920,921
20715,920,922
20816,922,924
20917,923,925
21018,926,928
21120,929,928
21221,928,924
21322,923,920
21423,923,919
21524,919,918
21625,918,920
21726,920,921
21827,922,922
21928,922,920
22029,923,921
22130,920,921
22231,921,921
22332,921,923
22433,924,927
22534,925,927
22635,928,929
22736,928,925
22837,928,924
22938,923,920
23040,920,918
23141,918,920
23242,920,921
23343,921,922
23444,922,921
23545,921,920
23646,920,920
23747,922,922
23848,922,925
23949,922,925
24050,927,929
24151,928,928
24252,929,926
24353,926,922
24454,924,920
24555,918,918
24656,918,919
24757,918,920
24858,921,921
24960,922,921
25061,923,920
25162,921,920
25263,921,921
25364,922,924
25465,925,927
25566,926,928
25667,929,928
25768,929,925
25869,928,923
25970,923,920
26071,921,919
26172,919,919
26273,920,921
26374,920,921
26475,922,921
26576,923,922
26677,923,923
26778,921,921
26880,921,924
26981,924,928
27082,929,929
27183,929,929
27284,928,925
27385,925,920
27486,923,920
27587,920,918
27688,919,920
27789,918,920
27890,921,922
27991,921,922
28092,922,921
28193,921,920
28294,921,921
28395,922,923
28496,924,926
28597,924,927
28698,929,929
28800,930,926
28901,926,922
29002,921,919
29103,920,919
29204,918,919
29305,920,921
29406,920,921
29507,923,921
29608,920,920
29709,921,920
29810,921,922
29911,921,922
30012,924,926
30113,926,929
30214,928,929
30315,930,927
30416,927,923
30517,925,922
30618,921,918
30720,920,919
30821,920,920
30922,921,921
31023,922,921
31124,921,920
31225,922,921
31326,921,921
31427,923,924
31528,924,927
31629,925,928
31730,930,928
31831,929,928
31932,928,924
32033,924,920
32134,923,919
32235,921,918
32336,918,920
32437,920,920
32538,922,921
32640,922,921
32741,921,920
32842,922,922
32943,922,922
33044,924,926
33145,927,929
33246,929,929
33347,931,926
33448,927,923
33549,923,921
33650,921,919
33751,919,918
33852,918,919
33953,920,921
34054,921,921
34155,922,921
34256,922,920
34357,920,920
34458,921,922
34560,923,925
34661,926,929
34762,929,929
34863,930,928
34964,928,924
35065,922,919
35166,922,920
35267,919,918
35368,918,920
35469,920,921
35570,921,921
35671,922,922
35772,922,920
35873,920,921
35974,920,921
36075,922,924
36176,925,928
36277,926,928
36378,930,928
36480,929,925
36581,924,921
36682,919,918
36783,920,918
36884,918,919
36985,921,921
37086,923,921
37187,923,921
37288,921,920
37389,921,920
37490,921,922
37591,921,923
37692,924,927
37793,929,929
37894,929,929
37995,930,926
38096,926,922
38197,925,921
38298,920,918
38400,919,919
38501,920,921
38602,923,921
38703,920,921
38804,922,921
38905,921,922
39006,921,922
39107,922,925
39208,926,928
39309,927,929
39410,930,928
39511,929,926
39612,926,922
39713,923,920
39814,919,918
39915,919,919
40016,920,921
40117,920,921
40218,921,922
40320,921,920
40421,921,922
40522,921,923
40623,923,924
40724,925,928
40825,929,929
40926,930,928
41027,929,925
41128,924,920
41229,922,919
41330,919,919
41431,920,919
41532,920,920
41633,922,922
41734,921,921
41835,921,920
41936,920,921
42037,919,921
42138,922,924
42240,925,927
42341,929,929
42442,930,925
42543,929,925
42644,924,921
42745,919,918
42846,920,918
42947,919,920
43048,921,921
43149,921,922
43250,922,921
43351,922,920
43452,921,921
43553,922,923
43654,922,923
43755,925,927
43856,928,929
43957,929,929
44058,927,925
44160,924,922
44261,921,918
44362,919,919
44463,918,919
44564,920,921
44665,922,921
44766,922,921
44867,921,920
44968,921,921
45069,921,922
45170,923,925
45271,923,927
45372,928,929
45473,930,928
45574,930,926
45675,926,922
45776,922,919
45877,920,918
45978,918,919
46080,920,921
46181,922,921
46282,921,921
46383,921,921
46484,921,921
46585,922,924
46686,922,925
46787,926,928
46888,930,928
46989,929,928
47090,927,924
47191,926,922
47292,922,919
47393,919,918
47494,918,919
47595,919,921
47696,923,921
47797,922,921
47898,922,920
48000,922,921
48101,921,924
48202,924,927
48303,925,928
48404,929,929
48505,929,925
48606,928,925
48707,923,920
48808,920,918
48909,919,918
49010,919,920
49111,920,920
49212,922,922
49313,923,921
49414,922,920
49515,922,921
49616,920,923
49717,922,924
49818,925,928
49920,929,929
50021,931,927
50122,926,922
50223,925,921
50324,919,919
50425,918,919
50526,918,920
50627,920,922
50728,923,921
50829,923,921
50930,921,921
51031,921,921
51132,921,922
51233,923,926
51334,923,927
51435,929,929
51536,930,927
51637,930,925
51738,926,921
51840,922,918
51941,919,919
52042,920,921
52143,920,921
52244,922,921
52345,921,921
52446,920,921
52547,922,921
52648,922,924
52749,923,925
52850,927,929
52951,927,929
53052,930,928
53153,927,923
53254,924,922
53355,899,895
53456,878,879
53557,929,931
53658,982,983
53760,985,984
53861,984,983
53962,982,982
54063,982,983
54164,982,985
54265,986,990
54366,988,991
54467,992,992
54568,991,987
54669,991,986
54770,986,981
54871,983,980
54972,980,980
55073,980,983
55174,982,984
55275,984,984
55376,985,983
55477,983,982
55578,981,983
55680,983,985
55781,986,990
55882,991,992
55983,992,992
56084,992,988
56185,987,984
56286,987,982
56387,982,980
56488,980,982
56589,981,983
56690,984,984
56791,985,984
56892,985,983
56993,983,983
57094,983,983
57195,984,985
57296,985,989
57397,986,990
57498,992,992
57600,993,989
57701,988,984
57802,984,980
57903,982,980
58004,980,981
58105,983,984
58206,983,984
58307,986,984
58408,982,982
58509,983,982
58610,983,984
58711,984,984
58812,985,988
58913,989,992
59014,991,993
59115,993,990
59216,990,985
59317,989,983
59418,984,980
59520,980,980
59621,983,983
59722,985,984
59823,985,984
59924,984,982
60025,981,983
60126,983,983
60227,984,987
60328,987,991
60429,990,992
60530,993,992
60631,993,991
60732,992,985
60833,984,982
60934,984,981
61035,979,981
61136,981,983
61237,983,984
61338,984,984
61440,983,982
61541,982,982
61642,983,985
61743,983,986
61844,987,990
61945,993,993
62046,994,993
62147,993,989
62248,988,984
62349,987,982
62450,983,980
62551,981,980
62652,982,983
62753,984,984
62854,985,985
62955,985,983
63056,983,983
63157,982,983
63258,983,986
63360,987,990
63461,993,993
63562,994,991
63663,993,990
63764,989,984
63865,984,980
63966,982,980
64067,980,982
64168,982,984
64269,982,984
64370,985,983
64471,986,983
64572,982,982
64673,982,983
64774,980,984
64875,986,989
64976,990,992
65077,991,992
65178,993,989
65280,989,983
65381,983,979
65482,968,968
65583,874,874
65684,859,859
65785,846,844
65886,839,836
65987,836,835
66088,837,839
66189,836,838
66290,840,844
66391,842,845
66492,849,853
66593,844,840
66694,800,795
66795,752,747
66896,716,711
66997,638,633
67098,584,581
67200,605,607
67301,607,607
67402,606,605
67503,605,605
67604,603,604
67705,642,647
67806,674,676
67907,677,681
68008,682,683
68109,685,682
68210,682,678
68311,682,677
68412,676,671
68513,670,671
68614,671,670
68715,671,673
68816,675,675
68917,675,675
69018,676,674
69120,672,673
69221,673,674
69322,676,679
69423,676,680
69524,681,683
69625,683,681
69726,686,680
69827,678,674
69928,674,670
70029,673,670
70130,671,672
70231,672,675
70332,678,679
70433,684,681
70534,685,683
70635,688,687
70736,693,693
70837,695,698
70938,697,701
71040,702,704
71141,703,701
71242,687,684
71343,680,675
71444,671,668
71545,660,658
71646,646,645
71747,620,623
71848,625,624
71949,597,596
72050,573,571
72151,571,570
72252,572,570
72353,571,573
72454,572,574
72555,574,577
72656,579,579
72757,580,578
72858,579,574
72960,586,583
73061,672,672
73162,693,695
73263,698,700
73364,752,759
73465,981,978
73566,979,978
73667,979,977
73768,978,978
73869,978,978
73970,979,982
74071,980,983
74172,985,987
74273,989,986
74374,989,985
74475,986,979
74576,978,975
74677,976,973
74778,965,965
74880,713,713
74981,679,679
75082,673,671
75183,648,646
75284,651,652
75385,634,634
75486,600,601
75587,600,603
75688,609,610
75789,606,606
75890,598,596
75991,598,593
76092,592,588
76193,588,586
76294,587,586
76395,586,588
76496,588,589
76597,590,590
76698,590,588
76800,591,588
76901,589,589
77002,586,588
77103,591,593
77204,615,618
77305,626,625
77406,627,624
77507,623,619
77608,620,615
77709,618,614
77810,616,614
77911,614,615
78012,616,618
78113,619,618
78214,618,618
78315,631,629
78416,672,673
78517,689,690
78618,674,676
78720,981,985
78821,987,988
78922,989,984
79023,987,982
79124,980,978
79225,976,975
79326,976,975
79427,975,977
79528,975,977
79629,801,788
79730,678,676
79831,678,674
79932,671,670
80033,657,658
80134,629,631
80235,631,633
80336,628,630
80437,615,616
80538,594,590
80640,576,573
80741,569,567
80842,567,568
80943,566,568
81044,568,570
81145,572,570
81246,574,571
81347,570,570
81448,570,571
81549,570,571
81650,572,574
81751,574,575
81852,577,579
81953,581,579
82054,580,577
82155,578,573
82256,574,571
82357,575,572
82458,571,571
82560,572,572
82661,574,573
82762,571,572
82863,571,572
82964,573,572
83065,573,574
83166,575,576
83267,577,578
83368,580,580
83469,580,579
83570,579,576
83671,578,574
83772,574,571
83873,568,569
83974,570,569
84075,570,571
84176,572,573
84277,573,572
84378,573,571
84480,572,570
84581,571,572
84682,573,575
84783,573,575
84884,576,578
84985,580,577
85086,580,576
85187,576,572
85288,570,570
85389,572,569
85490,568,570
85591,569,571
85692,572,572
85793,572,572
85894,574,571
85995,572,571
86096,571,571
86197,571,572
86298,572,575
86400,576,579
86501,579,578
86602,578,574
86703,576,572
86804,572,569
86905,569,569
87006,569,570
87107,571,572
87208,573,572
87309,574,572
87410,572,571
87511,572,571
87612,571,572
87713,572,575
87814,573,576
87915,577,579
88016,580,578
88117,579,577
88218,577,572
88320,572,569
88421,569,569
88522,570,572
88623,571,572
88724,572,573
88825,572,571
88926,572,570
89027,571,572
89128,573,574
89229,572,575
89330,576,578
89431,577,579
89532,580,578
89633,579,574
89734,577,573
89835,571,569
89936,570,570
90037,568,570
90138,572,573
90240,573,572
90341,572,571
90442,572,571
90543,570,572
90644,570,573
90745,575,578
90846,577,578
90947,580,578
91048,579,575
91149,578,573
91250,574,570
91351,571,569
91452,570,570
91553,571,571
91654,571,572
91755,572,572
91856,571,571
91957,571,570
92058,571,571
92160,573,575
92261,575,578
92362,579,579
92463,580,578
92564,580,574
92665,573,570
92766,573,569
92867,571,569
92968,569,571
93069,570,572
93170,574,572
93271,573,573
93372,571,572
93473,573,571
93574,572,572
93675,574,576
93776,576,579
93877,578,579
93978,580,580
94080,578,574
94181,575,571
94282,576,574
94383,579,578
94484,578,581
94585,581,582
94686,582,582
94787,582,581
94888,582,581
94989,581,581
95090,582,583
95191,583,584
95292,585,587
95393,592,590
95494,590,589
95595,589,585
95696,584,580
95797,583,579
95898,580,579
96000,578,581
96101,582,583
96202,583,582
96303,583,582
96404,583,581
96505,582,583
96606,580,584
96707,583,587
96808,588,590
96909,591,590
97010,589,586
97111,591,585
97212,585,581
97313,581,579
97414,579,579
97515,579,580
97616,581,582
97717,582,582
97818,583,582
97920,582,581
98021,582,583
98122,583,585
98223,584,586
98324,588,590
98425,592,589
98526,590,587
98627,588,583
98728,592,590
98829,590,589
98930,588,589
99031,589,590
99132,591,592
99233,593,592
99334,593,592
99435,592,590
99536,590,592
99637,591,592
99738,594,595
99840,596,598
99941,600,599
100042,599,595
100143,597,594
100244,593,590
100345,589,589
100446,602,602
100547,658,660
100648,675,675
100749,676,674
100850,676,673
100951,674,673
101052,671,673
101153,674,676
101254,673,676
101355,677,682
101456,692,693
101557,700,696
101658,696,692
101760,691,688
101861,690,690
101962,690,692
102063,691,693
102164,694,695
102265,696,694
102366,696,694
102467,695,693
102568,694,694
102669,694,695
102770,695,698
102871,698,700
102972,700,702
103073,701,700
103174,705,699
103275,686,680
103376,671,670
103477,669,666
103578,656,658
103680,646,648
103781,654,653
103882,655,654
103983,657,654
104084,655,656
104185,656,658
104286,657,659
104387,673,677
104488,689,689
104589,704,702
104690,708,705
104791,710,703
104892,703,698
104993,698,697
105094,697,697
105195,687,688
105296,679,680
105397,676,675
105498,674,673
105600,673,673
105701,670,673
105802,672,677
105903,674,678
106004,680,680
106105,680,677
106206,681,676
106307,676,672
106408,668,665
106509,661,662
106610,663,663
106711,661,663
106812,664,665
106913,665,664
107014,663,663
107115,661,662
107216,663,663
107317,664,663
107418,664,667
107520,668,671
107621,671,669
107722,671,666
107823,674,669
107924,669,667
108025,666,665
108126,667,666
108227,667,668
108328,668,669
108429,671,669
108530,670,668
108631,669,668
108732,668,668
108833,668,669
108934,669,670
109035,671,674
109136,675,676
109237,676,675
109338,676,672
109440,672,667
109541,667,666
109642,665,667
109743,665,667
109844,668,669
109945,671,669
110046,668,668
110147,668,667
110248,666,667
110349,667,668
110450,668,671
110551,669,672
110652,673,676
110753,675,675
110854,675,674
110955,674,669
111056,669,666
111157,669,665
111258,665,666
111360,667,668
111461,670,670
111562,670,667
111663,668,667
111764,666,667
111865,668,669
111966,668,670
112067,671,674
112168,674,676
112269,676,675
112370,675,672
112471,676,671
112572,670,667
112673,668,666
112774,666,666
112875,666,668
112976,668,669
113077,669,669
113178,669,668
113280,669,667
113381,667,668
113482,669,671
113583,669,672
113684,673,675
113785,677,675
113886,676,674
113987,674,669
114088,669,666
114189,668,665
114290,666,666
114391,665,667
114492,668,669
114593,670,669
114694,670,668
114795,668,667
114896,667,668
114997,668,668
115098,670,671
115200,672,675
115301,676,675
115402,676,672
115503,676,670
115604,670,667
115705,667,666
115806,667,666
115907,666,668
116008,670,669
116109,670,669
116210,669,667
116311,669,667
116412,667,667
116513,668,670
116614,669,670
116715,671,674
116816,676,676
116917,676,675
117018,675,671
117120,669,667
117221,665,666
117322,666,667
117423,667,668
117524,669,669
117625,669,668
117726,670,668
117827,668,667
117928,667,668
118029,667,669
118130,670,672
118231,671,674
118332,675,676
118433,677,673
118534,674,671
118635,671,667
118736,667,665
118837,666,666
118938,667,668
119040,668,669
119141,669,669
119242,667,667
119343,669,667
119444,667,668
119545,669,671
119646,670,672
119747,673,676
119848,676,674
119949,677,674
120050,674,669
120151,672,668
120252,667,665
120353,665,667
120454,665,667
120555,669,669
120656,669,669
120757,670,668
120858,668,667
120960,668,668
121061,668,671
121162,671,675
121263,673,675
121364,676,675
121465,675,672
121566,674,670
121667,670,666
121768,667,666
121869,666,666
121970,667,669
122071,668,669
122172,669,669
122273,670,667
122374,669,666
122475,668,667
122576,668,670
122677,669,671
122778,672,675
122880,677,675
122981,676,672
123082,671,668
123183,671,667
123284,667,666
123385,666,667
123486,667,669
123587,670,669
123688,670,668
123789,669,668
123890,668,667
123991,668,667
124092,666,670
124193,670,673
124294,672,674
124395,676,676
124496,675,673
124597,675,671
124698,671,667
124800,668,666
124901,665,667
125002,668,669
125103,668,669
125204,670,668
125305,669,667
125406,666,667
125507,668,668
125608,669,671
125709,669,673
125810,673,676
125911,675,676
126012,677,674
126113,675,669
126214,672,668
126315,667,666
126416,666,667
126517,666,668
126618,668,669
126720,671,669
126821,670,667
126922,666,667
127023,668,668
127124,668,671
127225,672,674
127326,674,676
127427,676,675
127528,676,671
127629,675,670
127730,671,666
127831,668,665
127932,666,666
128033,667,669
128134,668,669
128235,670,669
128336,669,667
128437,669,668
128538,667,667
128640,668,670
128741,671,673
128842,676,676
128943,676,676
129044,676,673
129145,672,669
129246,670,667
129347,669,666
129448,667,668
129549,666,668
129650,668,669
129751,670,669
129852,670,668
129953,668,668
130054,667,667
130155,666,669
130256,669,673
130357,671,674
130458,675,676
130560,677,674
130661,674,669
130762,668,666
130863,668,666
130964,666,667
131065,668,669
131166,668,669
131267,671,669
131368,668,667
131469,667,667
131570,667,668
131671,666,668
131772,670,672
131873,672,675
131974,674,676
132075,677,675
132176,676,672
132277,673,670
132378,670,666
132480,666,666
132581,667,669
132682,669,670
132783,670,670
132884,670,668
132985,668,667
133086,668,667
133187,669,669
133288,670,673
133389,672,674
133490,675,676
133591,677,676
133692,676,673
133793,672,668
133894,671,667
133995,666,666
134096,667,667
134197,666,668
134298,668,669
134400,670,668
134501,669,668
134602,668,667
134703,667,668
134804,668,672
134905,673,675
135006,674,676
135107,677,675
135208,676,671
135309,674,670
135410,668,666
135511,668,666
135612,666,667
135713,668,669
135814,668,670
135915,672,669
136016,671,668
136117,669,668
136218,668,668
136320,668,670
136421,672,674
136522,675,676
136623,676,676
136724,676,672
136825,672,669
136926,671,667
137027,667,666
137128,666,668
137229,666,668
137330,669,670
137431,670,670
137532,670,668
137633,668,667
137734,668,667
137835,669,669
137936,670,673
138037,671,673
138138,675,676
138240,676,673
138341,674,670
138442,669,666
138543,668,666
138644,666,667
138745,668,669
138846,668,669
138947,672,669
139048,669,667
139149,667,667
139250,667,668
139351,666,668
139452,669,672
139553,674,676
139654,674,677
139755,677,675
139856,674,670
139957,674,669
140058,669,665
140160,667,666
140261,667,669
140362,670,669
140463,670,669
140564,669,668
140665,668,667
140766,667,667
140867,668,670
140968,671,674
141069,672,675
141170,676,676
141271,677,675
141372,676,671
141473,671,667
141574,668,666
141675,665,665
141776,665,668
141877,667,668
141978,671,670
142080,670,668
142181,668,667
142282,669,668
142383,669,670
142484,672,674
142585,675,677
142686,677,677
142787,679,674
142888,674,668
142989,670,667
143090,669,665
143191,667,665
143292,665,667
143393,668,669
143494,669,669
143595,669,668
143696,670,667
143797,673,672
143898,710,715
144000,837,842
144101,980,984
144202,989,986
144303,989,986
144404,985,980
144505,978,975
144606,977,975
144707,973,976
144808,977,979
144909,978,979
145010,981,979
145111,981,979
145212,978,978
145313,977,978
145414,975,979
145515,980,983
145616,984,987
145717,986,988
145818,988,987
145920,986,981
146021,981,977
146122,977,975
146223,977,976
146324,975,977
146425,974,974
146526,972,971
146627,972,971
146728,968,969
146829,970,969
146930,970,972
147031,970,971
147132,970,974
147233,981,980
147334,988,986
147435,987,982
147536,982,978
147637,980,976
147738,977,975
147840,974,978
147941,977,980
148042,981,979
148143,977,974
148244,950,950
148345,951,951
148446,956,955
148547,960,961
148648,962,964
148749,962,962
148850,966,961
148951,964,960
149052,961,957
149153,957,952
149254,954,952
149355,951,952
149456,953,954
149557,953,955
149658,957,955
149760,955,955
149861,954,956
149962,956,958
150063,957,958
150164,959,962
150265,963,962
150366,963,962
150467,963,958
150568,958,956
150669,961,957
150770,975,975
150871,975,976
150972,977,979
151073,980,980
151174,982,979
151275,980,978
151376,978,976
151477,978,978
151578,979,982
151680,983,986
151781,986,985
151882,983,979
151983,983,979
152084,982,975
152185,977,974
152286,976,974
152387,976,977
152488,978,979
152589,979,980
152690,981,979
152791,981,978
152892,978,977
152993,976,979
153094,976,980
153195,982,985
153296,986,988
153397,988,987
153498,985,982
153600,979,976
153701,975,972
153802,970,970
153903,967,968
154004,964,966
154105,961,959
154206,955,954
154307,940,938
154408,955,956
154509,954,956
154610,952,954
154711,951,954
154812,965,966
154913,971,968
155014,972,968
155115,969,964
155216,964,961
155317,963,960
155418,961,961
155520,962,964
155621,965,965
155722,965,966
155823,967,966
155924,967,968
156025,971,971
156126,972,972
156227,974,977
156328,978,976
156429,978,975
156530,975,971
156631,971,969
156732,969,965
156833,965,964
156934,968,970
157035,977,980
157136,981,979
157237,980,978
157338,977,977
157440,976,978
157541,978,982
157642,982,987
157743,985,988
157844,989,986
157945,986,981
158046,985,979
158147,977,974
158248,951,952
158349,954,954
158450,961,962
158551,961,963
158652,964,964
158753,966,966
158854,967,966
158955,965,967
159056,965,968
159157,966,969
159258,968,970
159360,971,968
159461,970,965
159562,966,961
159663,965,960
159764,961,958
159865,958,959
159966,959,961
160067,961,961
160168,961,961
160269,961,961
160370,960,964
160471,966,967
160572,969,972
160673,966,969
160774,962,964
160875,968,965
160976,973,967
161077,971,966
161178,966,962
161280,960,960
161381,960,961
161482,962,963
161583,962,962
161684,961,962
161785,963,963
161886,965,965
161987,967,968
162088,968,971
162189,970,972
162290,973,971
162391,974,971
162492,974,969
162593,970,965
162694,966,963
162795,961,963
162896,964,966
162997,964,966
163098,967,967
163200,966,967
163301,967,967
163402,968,969
163503,967,969
163604,971,974
163705,976,975
163806,977,974
163907,974,970
164008,969,966
164109,967,964
164210,964,961
164311,962,962
164412,962,964
164513,963,964
164614,966,965
164715,967,965
164816,966,966
164917,966,966
165018,968,968
165120,969,973
165221,974,973
165322,972,969
165423,973,967
165524,967,963
165625,964,960
165726,964,962
165827,958,959
165928,962,963
166029,970,969
166130,974,973
166231,973,972
166332,975,974
166433,975,975
166534,949,950
166635,982,985
166736,987,987
166837,990,985
166938,987,981
167040,980,976
167141,975,973
167242,973,975
167343,973,976
167444,979,979
167545,979,978
167646,979,977
167747,977,977
167848,975,978
167949,977,979
168050,980,984
168151,980,984
168252,986,985
168353,986,980
168454,982,979
168555,978,973
168656,975,973
168757,975,974
168858,976,978
168960,979,980
169061,980,979
169162,979,978
169263,978,978
169364,978,979
169465,979,984
169566,982,985
169667,986,988
169768,990,986
169869,990,984
169970,982,978
170071,983,977
170172,976,975
170273,972,974
170374,976,977
170475,978,980
170576,981,979
170677,980,979
170778,979,978
170880,979,980
170981,980,983
171082,983,987
171183,986,987
171284,989,987
171385,987,981
171486,985,981
171587,980,977
171688,976,976
171789,976,977
171890,978,979
171991,978,980
172092,981,980
172193,980,978
172294,979,978
172395,979,979
172496,979,982
172597,979,983
172698,985,987
172800,989,988
172901,988,983
173002,983,979
173103,981,977
173204,976,975
173305,975,977
173406,976,978
173507,978,980
173608,980,979
173709,980,978
173810,978,977
173911,978,977
174012,977,979
174113,981,984
174214,982,985
174315,986,987
174416,989,984
174517,988,983
174618,983,977
174720,978,975
174821,974,976
174922,978,979
175023,978,979
175124,980,979
175225,980,977
175326,977,977
175427,977,978
175528,977,981
175629,980,982
175730,982,986
175831,985,987
175932,990,987
176033,987,982
176134,986,981
176235,982,978
176336,979,978
176437,977,978
176538,978,980
176640,981,981
176741,981,980
176842,980,979
176943,980,979
177044,979,981
177145,982,985
177246,983,986
177347,987,989
177448,988,987
177549,989,985
177650,984,981
177751,982,980
177852,979,977
177953,977,978
178054,977,978
178155,979,980
178256,981,979
178357,981,979
178458,979,978
178560,979,979
178661,979,982
178762,982,986
178863,984,987
178964,988,987
179065,987,982
179166,984,980
179267,979,976
179368,977,975
179469,976,975
179570,975,978
179671,977,978
179772,979,980
179873,981,978
179974,980,978
180075,978,977
180176,979,980
180277,979,981
180378,982,985
180480,988,988
180581,989,985
180682,985,980
180783,983,978
180884,979,975
180985,975,976
181086,975,977
181187,977,979
181288,981,980
181389,981,979
181490,980,978
181591,980,977
181692,978,979
181793,980,982
181894,980,983
181995,984,986
182096,933,931
182197,862,859
182298,967,963
182400,964,961
182501,960,958
182602,956,956
182703,958,958
182804,959,959
182905,958,958
183006,960,960
183107,959,961
183208,962,963
183309,962,962
183410,963,965
183511,965,967
183612,970,970
183713,970,968
183814,970,967
183915,968,963
184016,963,960
184117,961,960
184218,958,960
184320,959,961
184421,961,961
184522,961,961
184623,961,961
184724,960,961
184825,963,964
184926,961,963
185027,967,969
185128,969,969
185229,970,967
185330,967,963
185431,966,962
185532,962,959
185633,960,960
185734,961,961
185835,961,963
185936,964,964
186037,965,965
186138,965,966
186240,966,967
186341,968,969
186442,961,964
186543,967,969
186644,976,975
186745,976,973
186846,973,968
186947,965,963
187048,956,955
187149,955,955
187250,958,958
187351,959,960
187452,961,961
187553,963,962
187654,963,962
187755,961,962
187856,964,965
187957,963,966
188058,967,970
188160,970,969
188261,969,965
188362,963,961
188463,963,959
188564,961,958
188665,959,959
188766,959,960
188867,960,960
188968,961,959
189069,960,960
189170,962,961
189271,962,961
189372,963,963
189473,965,968
189574,966,968
189675,971,970
189776,970,967
189877,969,964
189978,966,960
190080,959,957
190181,957,956
190282,957,958
190383,957,957
190484,956,957
190585,956,955
190686,956,956
190787,960,960
190888,962,964
190989,964,965
191090,966,968
191191,969,968
191292,969,965
191393,966,962
191494,965,960
191595,961,958
191696,957,958
191797,958,959
191898,959,960
192000,960,961
192101,959,961
192202,962,962
192303,962,962
192404,963,965
192505,967,969
192606,968,969
192707,970,967
192808,969,964
192909,967,963
193010,964,960
193111,961,959
193212,959,958
193313,960,961
193414,959,961
193515,962,961
193616,962,962
193717,962,962
193818,961,964
193920,965,966
194021,967,969
194122,971,969
194223,972,970
194324,970,966
194425,964,961
194526,963,960
194627,961,959
194728,960,961
194829,960,961
194930,962,961
195031,963,962
195132,962,962
195233,961,964
195334,963,964
195435,965,967
195536,968,970
195637,968,970
195738,972,969
195840,970,965
195941,965,962
196042,961,959
196143,960,959
196244,960,961
196345,962,962
196446,961,962
196547,962,962
196648,963,964
196749,963,964
196850,965,965
196951,965,967
197052,968,970
197153,973,970
197254,972,970
197355,970,966
197456,965,962
197557,965,961
197658,962,959
197760,960,960
197861,962,962
197962,964,963
198063,963,963
198164,964,963
198265,966,965
198366,966,966
198467,967,971
198568,972,972
198669,974,972
198770,972,969
198871,972,967
198972,970,964
199073,963,961
199174,963,961
199275,961,962
199376,963,963
199477,965,963
199578,963,964
199680,966,965
199781,965,966
199882,968,969
199983,968,971
200084,972,973
200185,973,970
200286,973,969
200387,969,965
200488,965,961
200589,965,961
200690,960,962
200791,961,962
200892,963,964
200993,965,964
201094,964,964
201195,965,965
201296,965,967
201397,966,967
201498,968,970
201600,972,973
201701,972,971
201802,972,967
201903,971,966
202004,965,962
202105,961,960
202206,961,961
202307,961,963
202408,965,964
202509,964,964
202610,963,964
202711,965,964
202812,964,967
202913,966,969
203014,966,970
203115,970,972
203216,972,971
203317,974,970
203418,970,966
203520,966,963
203621,962,961
203722,961,962
203823,962,962
203924,964,963
204025,966,964
204126,964,964
204227,965,965
204328,966,967
204429,965,968
204530,968,972
204631,970,972
204732,972,971
204833,972,969
204934,971,967
205035,966,964
205136,963,961
205237,963,961
205338,961,962
205440,964,964
205541,965,964
205642,965,964
205743,962,962
205844,964,965
205945,963,967
206046,982,986
206147,987,988
206248,989,985
206349,988,983
206450,984,978
206551,982,977
206652,975,975
206753,975,977
206854,976,978
206955,979,980
207056,981,978
207157,980,977
207258,978,977
207360,977,978
207461,979,982
207562,983,986
207663,985,987
207764,988,986
207865,986,981
207966,985,979
208067,980,976
208168,977,976
208269,976,977
208370,978,979
208471,978,979
208572,979,979
208673,978,977
208774,978,978
208875,979,979
208976,980,982
209077,980,982
209178,980,983
209280,982,981
209381,976,974
209482,972,967
209583,968,965
209684,966,967
209785,969,970
209886,974,976
209987,979,979
210088,979,979
210189,979,977
210290,977,977
210391,978,977
210492,978,980
210593,980,984
210694,982,986
210795,987,987
210896,988,984
210997,988,982
211098,982,978
211200,977,976
211301,974,977
211402,978,980
211503,978,980
211604,981,979
211705,979,977
211806,978,977
211907,976,978
212008,978,982
212109,980,983
212210,984,987
212311,986,988
212412,989,985
212513,986,980
212614,982,978
212715,978,975
212816,975,975
212917,975,975
213018,976,979
213120,980,979
213221,980,977
213322,977,977
213423,978,977
213524,977,980
213625,980,984
213726,982,986
213827,988,987
213928,987,983
214029,987,983
214130,982,977
214231,980,977
214332,977,975
214433,974,977
214534,977,978
214635,979,979
214736,980,978
214837,981,977
214938,979,978
215040,978,980
215141,979,984
215242,986,988
215343,985,988
215444,989,985
215545,987,981
215646,984,979
215747,977,976
215848,976,976
215949,975,976
216050,978,979
216151,978,979